CRS purpose code unigrams,CRS purpose code bigrams,CRS keyword unigrams,CRS keyword bigrams,IATI purpose code unigrams,IATI purpose code bigrams,IATI keyword unigrams,IATI keyword bigrams
housing,municipal development,housing,enabled adopt,housing,improvement fiscal,shelter,emergency shelter
urban,land surface,shelter,wash shelter,urban,condition public,project,font family
construcción,complex qasar,cities,emergency food,finanzsystems,stärkung lokaler,protection,islamic relief
digna,san juan,population,health care,einberechnet,promote integrated,humanitarian,protection services
capacities,core 2019,réfugiés,women girls,einbau,widows helpless,affected,justify white
enhancing,sanitation impoverished,income,urban development,einarbeitung,wohnraumfragen betroffen,food,girl home
network,expenditure strengthening,city,three million,fachverband,westguatemala sicherung,refugees,window works
specifically,urbamonde sénégal,state,protection needs,fackföreningarnas,armutsbezirken phnom,slums,namely nairobi
sostenibles,delivery installation,legal,paid work,fackföreningarna,dbm behalf,earthquake,employ strategies
conocimiento,construction materials,iraq,program provide,expandido,sector cclip,2023,positive next
nombre,citizens bosnia,build,durable mali,ffvi,15 affordable,arid,dfid girls
expansion,involuntary resettlement,inl,housing rights,explants,land mgmt,wrap,idp sites
divers,neighbourhoods along,design,disaster preparedness,explant,adopt co,public,community based
mtptc,blocoplastico project,critical,near eastern,expertkommittéer,households living,icrc,project follow
mobilisation,habitat related,knowledge,construction social,expertisethrough,project eco,agreement,communities serve
proceeds,two slum,pakistan,shelter access,fcspp,sicherung rechte,vulnerability,community support
90,green asean,challenges,croix rouge,fburt11d04,program consolidate,bcx8,girls currently
totogalpa,team technicians,core,bae org,felder,implementation five,implement,protection shelter
georgia,promoting habitat,gaza,conflict drought,feminization,tredje år,2019,capacity building
éstas,familiares mismo,touchées,affected population,fahayla,infrastructure promoting,issues,2013 2017
exchanges,recycling resources,beneficiaries,long term,ernährungsberatung,europe relations,income,women children
khc,socioeconomic development,respond,housing welcome,erreichte,ett genomsnittligt,supplies,south sudan
nadacia,desarrollo proyecto,personas,populations affected,erreichenden,ett kunskapsutbyte,cerf,people affected
fikri,verification contract,form,assistance build,erreichen,evaluating reviewing,particularly,rapid response
simbólicos,community siddarampuram,disabilities,burkina faso,erzeugter,eur 340,fuel,gender based
largo,part funding,drc,classified subobject,erzeugnissen,etwa 800,ucg,pointer color
edificaciones,assistance support,centers,non alimentaires,erzeugungs,evaluated advocated,quneitera,scxw188528472 bcx0
mts,drafts tor,decision,displaced populations,eröffnet,evaluated 2017,shams,color initial
montevideo,within cooperating,500,relief early,erwachsene,eumission numera,nurseries,decoration color
spatiale,mub management,governments,women families,figurative,establish scalable,investigations,access basic
especificos,diagnóstico criterios,covered,housing vulnerable,erwiesen,establish saatm,alhazm,shelter protection
quedando,patronato municipal,mothers,sexual violence,erwerbsfähigkeiten,establish rights,haffa,response plan
erupción,institution housing,would,social economic,erweiterungsbau,establish right,588,provide emergency
éstos,cuanto reducción,identify,economic recovery,epidemiska,established companies,494,expenditures non
resistance,así romper,ocean,women shelter,epiroc,established contact,glass,non cbi
podgorica,urbano edu,squatter,children youth,ephraim,established confirm,laying,project expenditures
empleadores,tecnológicos generación,hum,support vulnerable,epidemierna,establish vietnamese,biodiversitet,multi year
privatization,quedando desarrollar,nfis,disaster conflict,epsas,establish coastal,adopts,provide life
paving,temat uprawy,package,venezuela crisis,envisages,establish free,filipino,items nfi
estudiante,incrementando llegar,mexico,affected conflict,enzymes_gce,especially summer,202,service providers
coop,conjuntamente dirección,collective,refugees host,eology,especially found,1700,distribution monitoring
impactos,uzbekistan social,base,refugees asylum,erati,essential temporary,typhoid,mental health
juridique,system neighborhood,15,owned effective,evaluierungsakteuren,essential order,dominica,protection assistance
placed,area intermediate,active,republic congo,eu4justicereform,essn line,smuggling,phase wasichana
must,municipalities kumanovo,unaccompanied,health nutrition,ewarns,etat services,favorable,cash based
latrines,inclusion investments,aids,redacted housing,excelence,estrategico acompa,befordra,northwest syria
tratarla,rural japla,smart,vulnerable families,evidenciándose,esv could,abraz,lt pgtltp
hombresen,apartadó mejora,fourniture,refugees vulnerable,evidencing,etc hommes,maleh,wash cluster
czz2111,letrinas constituyendo,derechos,families rural,evidencias,esteem focus,rationalistic,nrc 2022
plusvalã,comunidades cubana,nombre,health wash,esn,estatuto central,suuq,human rights
critieria,zwiekszenie wiedzy,alternative,service delivery,espéré,establishing upgrading,genomförandeprocesser,normaltextrun scxw188528472
enteros,system adb,cases,victims trafficking,fices,estimates well,amurt,tw ring
relacionesfamiliares,casado elias,experiences,rights defenders,etiophia,estimated 120,16200,pgtltp style
means,salut proyecto,various,national housing,estimering,estimado pvih,nyckelpersonerna,provision shelter
oga,companies co,zimbabwe,construction shelter,estimons,estimated 55,ordered,disaster affected
dalmatia,bio construction,scheme,saving assistance,estugraf,estimated 545,oim,post distribution
scetor,beneficiarias podrán,contributing,private sector,daisparo,exits moreover,predictability,earthquake affected
patronato,dhaka construction,owned,prevention response,dajani,expand business,va,000 000
súas,inhabitants south,2013,response conflict,céréales,expand cgc,541,items nfis
jacques,total 160,facilitating,usaid ofda,céréalière,expanding crime,parks,activities include
periferia,funding improvement,known,displacement affected,dabaqalooc,exhibición cortos,th,succeed wasichana
zdrowotnej,risk provision,coastal,pavement squatter,daseinsvorsoge,exist across,qualité,emergency wash
184,communities indirect,ainsi,efficient housing,daseinsvorsorge,exist malnutrition,constructive,returnees host
metodológica,morocco energy,widespread,500 000,darret,existing human,831,emergency food
comprendidas,48 mujeres,generate,efsp 2017,danaus,expectation inclusive,differential,styles_wordwithsynonyms__8m9z7 style
ésta,coste total,vénézuéliens,2018 2022,danane,expenses likely,recommend,assessment conducted
revitalizing,2017 main,resistant,quality programming,cukorova,even stage,kuststräcka,style background
representan,activities include,proposes,change results,ctp,evening leading,kemashi,aims provide
builders,chaînes production,plant,climate resilient,ctos,event covid,kohle,year funding
diez,resto población,liberia,sectoral humanitarian,ctors,evaluations found,robit,wash protection
smartphone,government salvador,survival,mercy corps,dekret,evaluations strengthened,cerns,shelter rehabilitation
andaluces,finance market,lima,vat bureau,deinstitutionalization,evaluations voluntary,npo,following countries
actrices,including global,sauver,protection support,delas,even fiscal,airbnb,meet basic
especialización,improvement social,output,leurs besoins,defect,events transformative,jamal,msek nrc
vient,economic challenges,cohesion,reconstruction project,defensores,events pathogenesis,immersed,improved access
bloque,coastal marine,gangs,including health,degua,events righttotruthday,bärkraftiga,populations affected
mohammed,sector specific,increases,basic assistance,demunicipios,eventuella gåva,opens,collective centers
sr,personnes besoin,prestation,familias pertenecientes,demucking,eventuella förändringar,classifications,reach areas
estancia,equality gender,map,increasing access,dea,exceeding ua,permettra,spangtlt pgtltp
rencontres,environnement adoptent,disciplinary,shelter training,datasystem,enhancing managerial,trim,shelter conditions
fabrication,environnement selon,plusieurs,assistance including,dedougou,enhancement implement,933,needs idps
eg,equality accession,sistema,housing community,deds,enjoy series,safetythe,19 pandemic
upstream,environnement cela,diagnosis,vicitms worldwide,decentraliserade,enligt hea,transaction,transitional shelters
développées,environnement socioculturel,assets,states population,decapacitacion,enligt internationella,564,ccp charstyle
emergencias,equality granting,cap,support providing,contractant,english speaking,598,nutrition protection
accomplished,environnement jeunesse,akkar,emergency shelters,contables,engineers selected,hau,style color
budgets,environnement instable,modern,affected typhoon,continentalvoices,engineers industrialists,sydligaste,project designed
toward,equality coverage,aged,access education,coordinará,enhance birth,besluts,immediate needs
educativo,environments actors,nationals,situation humanitaire,convening,engendrer tensions,suro,support services
advice,environments activity,90,support government,coopac,engaging unsafe,esampnfi,mobile team
agreements,equally emphasized,territories,urban rural,convolution,engagées promouvoir,yamama,affected earthquake
enreda,equally afcfta,movement,specific objective,conjuguer,engineer participation,janeiro,safety dignity
enrichments,environments construction,actively,humanitaire crise,conflictive,enhanced creating,4800,sudan sudan
enrollment,equi bureau,aida,2021 2025,confédération,enhance india,communicated,winter season
entraîneurs,environments stories,trans,access safe,conféderation,enhance especially,undernourished,financial support
entra,equality pro,commun,sierra leone,constriuction,enhance sharing,516,services vulnerable
entr,environments senegal,58,india título,const,ensuring uk,originating,limited access
entregaría,environnantes activités,additionally,agriculture food,crg,entailed osce,chanser,early recovery
enterotoxaemia,equality koloriang,neighbourhood,protection emergency,crfaft,ensuring accountability,utbildningsprogrammen,implementing partners
ensurig,environments wide,companies,rehabilitation housing,cristal,ensuring availabili,0001pt,cash transfers
enterpries,environments iran,sustenance,safe shelter,cosmovisión,enterprises care2,eftersträvas,health education
enterprenurial,equality volunteer,reported,donor country,corrección,entered new,aret,assistance provided
czz2658,equality reduces,sickle,2017 award,corm,ensuing rural,cereals,women boys
entfernung,environments middle,égalité,south west,coronaviruset,enrolled consortium,lokale,provide technical
enmatériels,equality rural,regulatory,headed households,cpd2022,ens residing,establishes,pgtltpgt lt
ennuestro,enza goal,days,meet needs,cp000599,ens nämnda,biofuel,needs assessments
engagementer,epidemic community,pro,yemen emergency,counterterro,ensure reforms,coefficient,community level
eraturi,epd afines,upv,financial resources,doore,ensure senelec,389,project design
erhalten,epa com,hub,habitat agenda,dorado,ensure quick,pkr,dignified shelter
equilibrium,epa business,clear,housing management,dosing,ensure unity,yunusari,aims support
equilibriosocial,epi formation,directorate,fund ocha,dote,ensure unique,kettle,response project
czm1011,eo left,commitments,autres articles,dotará,ensure income,trcs,vulnerable host
czerwca,eo ir,projekt,intérieur pays,dotaciones,ensure iraq,_com_1,sida humanitarian
equipoeuropa,eom albania,lateral,ofda grant,dorgelo,ensure intermittent,mecufi,central african
erythree,epsg 2022,mejoradas,march 2019,dorfwälder,energieeffizienz direkt,oerhört,charstyle normaltextrun
esa6,eprisecab eprisecab,karabakh,sudden needs,dorti,energieeffizienz voraussetzungen,crossfire,support humanitarian
ersetzt,environnementaux considérables,tiempo,dar albaraka,domesticada,energie klimafonds,hargeisa,security livelihoods
escal,environnemental missions,secretariat,inl covers,domestics,endosulfan china,hantera,armed conflict
escalonadas,environnemental brings,longstanding,acute unmet,domie,endogenous participatory,upsurge,iom providing
errichtet,environnementale centre,patterns,forge peaceful,dollarization,endorsed guidelines,ziel,project improve
erradicação,environnementale alimentaire,fondamentaux,financial sector,dollowdistricts,endowments socio,buhera,coping strategies
environnementaux,eqpts entret,abilities,refugee crisis,dolphin,enduring digital,gt18,snfi cluster
environnment,envisages accountable,white,life skills,dolma,energy spilled,överkomlig,shelter essential
envoie,environnemtale sociale,strategically,populations nigeria,donbass,energy buiscuits,xaawo,support idps
entrevoir,epmc 532596,whole,accueillir plus,dongjiang,energy coupled,saudel,urban poor
eolienne,envisage contribuer,indirect,provision basic,driften,energy 100,deals,smooth white
eowe,envisage consolidation,países,nbsp nbsp,drifting,energy incubator,fcs,burkina faso
eov,entonces prioritariamente,wide,persons asylum,dringendste,energy disruption,trap,tw numeric
electrifikation,entorns saludables,losses,cash work,drilli,energy eoc,gauge,500 000
electrònica,entrada pandillas,dominican,sector education,douzaines,encourages consumers,directors,activities project
electroencephalogram,entorno minería,batey,affordable houses,dplus107,encourager cohabitation,740,households households
electroencephalog,entornos digitales,construir,provides assistance,dps,encouraged fas,khanfir,wash interventions
electrophoresis,entitats feministes,efectivo,rights violations,dplus066,encroachment patrols,debark,hlp rights
elaborate,entitled uchaguzi,either,asile réfugiés,dpg,encouraging enabling,hpapun,international ngos
elaborat,entity execution,forma,conflit armé,divinter,encouraging favorable,copd,idps camps
dalla,entitled bringing,orphanage,training shelter,divestiture,encounter multiple,vattendrag,shelter sector
eksportu,entrepreneuralism facilitiate,grave,estimated million,divgt,encourage academic,qansax,women headed
elabor,entrepreneurs businesswomen,tonga,raise awareness,dividing,encompassing 22,alberts,sectoral response
elbahrawy,entrepreneurs filière,australia,loose pack,divgtltpgtltbrgtlt,encore inégalités,nouveaux,target area
elektro,entrepreneuriat renforcement,peshkopi,seekers instances,djupast,encore actuellement,conventional,assistance humanitarian
elisée,entrepreneurs 955,net,crisis neighbouring,djamtan,encourage reforms,orderly,distribution hygiene
elkartasunak,entrepreneurs 85,kyrgyz,baggage personal,djibouti,endline assessments,mode,primary health
elkartasuna,entraîné mort,donner,multisectoral emergency,districtsincluding,end intensity,pib,initial gt
elkaar,entregados proyectos,impaired,research projects,districtsareas,engagement collaboration,vise,international organization
daholobe,entrave accès,rude,pays autres,districtshave,engagement csos,säkerställs,initial class
ellaspara,entreprenariat formation,treating,réfugiés personnes,distriktentwicklungsplänen,engagement lab,qanawis,wash response
ellun,entremujeres hombres,mnt,shelter household,distriktgesundheitszentren,engagement mfa,baw,local communities
dakma,enteras visto,manila,living housing,diversifiedlivelihood,engagement meetings,emotion,sphere standards
elektroniczny,enterprise reconstruction,daesh,education housing,djurs,engagement mobilization,infrastrukturinvestitionen,nfi sector
elhorario,ensuring long,thinking,refugee women,documentos,engagement life,identifiable,service delivery
elgobaa,entenderse sujetos,posed,support preparation,dodrc,engagement funding,cbpc,response mechanisms
elevados,entails opds,oversight,health system,doft,engaged capacity,towfiiq,community outreach
elfin,entier pays,administering,women led,doelondernemingenverder,engagement 150,taleex,multi sectorial
egyptalum,enterprises activities,secteurs,north lebanon,doctrine,engagemang styrning,475,urban areas
eiaidmp,enterprises kenya,dac,get timely,dokumentations,engages district,witnessing,sanitation drainage
damns,enterprises main,obra,fulfilling meaningful,doktorerade,engages leaders,piloted,natural disaster
eficiência,enterprises program,died,programme fund,doktorer,engaging reforming,witnesses,scxw120074933 bcx0
egne,environ nementaux,commodity,social cohesion,dokumentera,engaging nurses,kenyans,activities implemented
eksperckie,environment ac_764_3,collectives,doctors etc,dokumentationssystem,engaging captive,reforestation,none important
ekologistak,environment addressing,luhansk,response south,dogona,engaging decision,tors,large scale
ekologii,environmental behaviour,poorly,lebanon currently,dogo,engagements engage,732,family lang
einterrelacionar,environment today,hostilities,fournit aide,dogondoutchi,engagement trash,doc,idps affected
eijkelkamp,environment tougtuang,relevance,emergency cash,dmab,enfants svs,ltbrgtthrough,integrated protection
ejecutandoasocolvas,environment yemen,favoriser,armed groups,dmcdd,enfants supplémenter,urbanized,due lack
emsf,environmental licensing,vers,scale disasters,dnipropetrowsk,enfants supplémentaires,gcmhp,domestic violence
emprunteur,environmental physical,gran,municipalities group,défection,enfants sites,kasenyi,livelihood shelter
enacting,environmental performance,cum,refugee host,décoloniale,enfin analyse,hromada,local market
enakopravnih,environmental liability,comes,inl bpa,décrits,enfants juntos,emergente,slum areas
empoderamientoen,environment portuguese,lieu,humanitarian services,déliés,enforce unmet,zahra,bcx0 gt
daame,environment needed,supplied,food item,délaissant,enfant cvpe,fulfilled,especially women
emprenderlas,environment serbia,aldeas,groups lead,dystocies,energía sostenible,mopti,nbsp nbsp
d8,environment sidi,blanket,core relief,dynamisch,enfance partenaire,volet,across country
côtes,environment think,durres,temporary housing,déclarées,enfants connaissent,integrerad,nairobi city
endangere,environment sweden,beneficjentów,nearly million,déclenchent,engage kind,manuals,cross border
encounter,environment proyecto,malnourished,providing skills,dåliga,engage closely,fjärde,six months
endommagée,entrepreneurs merchants,complexe,project seeks,débuté,engage child,missgynnade,support shelter
endosomal,entrepreneurs wgdp,kukula,early childhood,débrouille,engage theoretical,naher,programme based
endoscopy,entrepreneurship achieving,juja,relief clwr,dörflicher,engage stakeholders,kushk,tigray region
encargó,entrepreneurship age,adamwa,endowment democracy,düsseldorf,engage srhr,serviceslt,integrated emergency
encargos,entreprises technologiques,hpp,primary healthcare,eagles,engage solid,dawlatyar,neighbouring countries
encajan,entretantos huerta,tneps,play role,dépréciation,engage wide,refine,refugees host
enconomic,entretien sous,dcap,cccm shelter,dépistage,equitativa nuevo,vård,save children
enclavées,entretien hygiène,planners,returnees host,dépendantes,equip perform,19th,cccm protection
dagga,espèces plus,activism,projet vise,détermination,esm identifiés,checkpoints,meet immediate
embattled,esri establish,length,housing facilities,détériorer,esmap 2021,insbesondere,needs identified
dafc,ess tánger,sccs,2018 19,désastreuses,esmap intended,lockdowns,camp like
embriones,ess preveu,mulemba,response recovery,désastres,españa jersualén,aghtrin,2018 2020
emcc,espera establecido,mochila,help groups,dsrp2,escomptés 437,ohållbar,25 000
elásticos,esperados proyecto,sécuritaires,co operative,dtx34,escomptés 19249,3800,local community
elrp,establecemos modelo,rdt,maintenant plus,durres,escorts requested,igt,providing support
embalse,essex ohchr,ciutat,services essentiels,durong,esdf aligned,1125,coordination shelter
embaglio,essentiels secteur,followed,services secure,duurzamen,esfuerzos mejorar,crutches,better serve
emigrante,estabilidad área,night,nationals research,dweir,esfuerzos cooperaci,534,support sectors
f21ap01545,essential preserve,cuales,million réfugiés,dwcp,erfarenhet sociala,simply,people special
fa10232517,essential pillar,trauma,haul charges,dwarfed,erfolgen phase,staffing,flood response
f9,essential sexual,escolar,flood protection,duplex,erf funding,077,people protection
extrapolate,essential enabler,adapting,fund project,dunkerque,ergänzt folgt,fertile,transparent data
extremidad,essential keep,sixth,accès services,dunk,erodering av,capacités,therapeutic foods
facilities4,essentielles noix,outils,countries colombia,dupti,erreichung mdg,förvärras,independence strict
faciltiate,essentielles centres,supportive,maternal newborn,deviant,entrepreneurship innovative,streamlined,therefore assessed
faciltation,essentiels neuf,paving,donateurs projet,devenons,entry 12,institutionella,serve need
faciltate,essentials modern,chittagong,infrastructure improvement,dhintu,entrusts research,valves,moral financial
facilityate,essentiel expliquer,concernées,infrastructure services,diaconal,entro watershed,bodied,signed humanitarian
currículo,especializados gestión,usg,populations north,diabetiques,envelope exit,lainya,monitoring aah
facilite,especially hiv,marawi,conditions informal,dharkeynle,envelope emergency,demographics,programmes annual
fading,especially femal,shade,humanity inclusion,dfrlab,entwicklungsmodell berücksichtigung,spangtltfont,foods intervention
fadel,especially concerning,garments,hygiene support,dgct,entities parts,miljöförstöring,intervention members
fadcanic,espectacle música,painting,well basic,dezentralisierungsprozesse,entities project,deepened,support aah
fables,especialmente proveniente,implements,searches lasting,dezentralisierungsprozess,entities provide,operationalize,2021 agreement
curumbá,especialmente significativo,question,responses expected,dezentrales,entities multilateralism,dessie,frameworks incorporate
fa9415023,específico fortalecimeinto,nuevos,high level,dgre,entity raise,aias,support msek
cursus,especially regular,dedicated,lebanon phase,derfor,entities creating,rama,misconduct sexual
facente,especially relate,ajouter,mukuru slum,derf,entities kingdom,inconsistent,wash work
fasrb,especially rights,gis,2021 2030,densities,entities evaluating,rough,global protocols
fasoespecífico,especially returning,1yr,livelihoods benefit,denudation,entire refugee,expired,repair kits
fasting,especially resurgence,consolidate,town south,dental,entrepreneuriat notamment,fokuseras,assessed contribute
fasi,especially solar,krisan,environment effective,discapactidas,entrepreneuriat enfin,bekämpning,surface water
fapiz,especialmente dan,accommodations,assembly promote,disciplinär,entrepreneur project,mycs,established cases
fandora,especialmente oportuno,settle,amc développement,disabilityand,entrepreneurial models,sidrp,humanitarian allocation
fancs,estimado producción,temas,section hope,disseminat,eore equips,haru,issues malnutrition
fang,estima aumento,puerto,purpose cyclone,disposição,eocnomy egypt,taqadum,communities results
curables,estelí autoridades,compare,schooling feeding,dispositif,environs sustainable,tigwirane,treatment major
fanm,establishment multi,began,housing materials,distinción,epi health,ligtltligtdistribution,emergency needs
farinha,establishments thailand,lucia,prevent forced,diskonteringskurva,epi heal,wimax,current agreement
farmacéuticas,estimating total,usage,gbv prevention,diskrepansen,epi srh,adele,selected based
farmacológicala,estonian tax,defensa,gender norms,dispensées,epic global,khamissen,reduce vulnerability
farmaco,estonian supporters,british,coordination unit,difundirá,environment mahankal,keram,site planning
cupboard,estrada abertura,outre,ministry finance,differentsectors,environment printing,albab,cover following
faragouaran,estr health,accés,protection displaced,differently,environment bolivian,delen,non discrimination
farafina,estosobjetivos desarrollar,niño,family welfare,differentierat,environments effective,g5,health food
faracho,estonia learn,interpreting,2022 pakistan,differentierad,findings cpa,lifeskills,protection principles
farabi,estimate inca,individuales,provide additional,dialogcentrum,findings together,affair,emergency health
fardeaux,estimate etb,geneva,assistance hiv,dinagat,finfish aquaculture,impedes,dairy development
estils,estimates 310,screened,displaced violence,diphenyl,fine augmentation,sanitiser,target beneficiaries
estimulan,estimated clf,ngwerere,africa middle,digest,fires vector,733,restoration program
esterilizador,established cases,taxing,health wellbeing,digitalised,fires described,529,18 community
esterilización,established procedures,quotas,residential care,digitaliser,firoozkoh dowlatyar,transparently,decision contribution
estereotipadas,establish resistant,lbn,regional development,digitalis,first btl,issa,infant young
cy2019,establish identification,smoke,2025 drc,digitalgovernment,financingglobal national,clarify,food non
estiamte,establishment caricom,christmas,support goal,hydrodynamic,financière forte,boundaries,committee local
estevanell,establishment improved,specialization,familias empobrecidas,hyamat,finca sambia,sad,financial independence
estrategiasprincipales,establishment habitat,taxation,country operations,hyacinth,finca ello,439,abuse harassment
estratategia,establishment fisheries,délivrance,mandate protect,huvudvärk,finanzierung lehrergehältern,7m,direct access
estrangers,establishing centers,guajira,soins médicaux,huvudverksamhet,fixed strategy,calculations,persons specific
estrattivo,establishing 14,raqqa,opportunities accelerate,huvudkontorsappellen,fitness travel,rhu,response vulnerable
estirpe,establishing heating,codes,link humanitarian,händer,fistula lt,gtdanslt,risk education
estimulándose,establishing formalising,pregnancies,jordanie liban,hämmande,flertaliga talanger,ath,treatment acute
estoimatifs,equipts securite,dri,response displacement,hälsosjukvård,flertalet lokala,thatched,protection education
estampadas,equitable health,desaster,youth urban,hälsan,flc young,dhungentar,id 14398a01
estambul,equipping testing,jawf,environment residents,hälsocentraler,flank kilimanjaro,qabtan,045 466
